municipality,n_cases,avg_cycle_hours,avg_wait_hours,avg_processing_hours,avg_rework,avg_cost,std_cycle_hours,variant_complexity,n_unique_variants,overdue_rate,n_resources,avg_handover_in,avg_handover_out,avg_processing_hours_res,avg_wait_hours_res,handovers_per_case,avg_cycle_hours_norm,avg_wait_hours_norm,avg_cost_norm,avg_rework_norm,overdue_rate_norm,avg_handover_out_norm,handovers_per_case_norm,performance_index_raw,performance_index,rank
BPIC15_1,810,2346.385507887517,2346.385507887517,0.0,3.5419753086419754,104027.61876549383,2863.190952557246,44.241975308641976,796,0.0,21,120.33333333333333,120.28571428571429,106.12960872089421,45.338298889589474,2527.0,0.3040770321922709,0.3040770321922709,0.030561995210287296,0.0,0.0,0.0,0.40517503805175026,0.19208541888987962,0.8079145811101204,2
BPIC15_2,310,3770.1897885304656,3770.1897885304656,0.0,4.164516129032258,97524.17140380645,3248.651639193979,55.12258064516129,309,0.0,6,496.3333333333333,496.3333333333333,65.87313747427696,19.18248587911592,2978.0,0.9999999999999999,0.9999999999999999,0.0,0.003424883579385224,0.0,1.0,0.6797564687975646,0.6343303117978167,0.36566968820218326,4
BPIC15_3,804,1724.2675435323383,1724.2675435323383,0.0,3.767412935323383,151821.38197461443,2524.220727853181,43.58457711442786,769,0.0,20,186.15,186.15,64.61110479209275,33.9445041447556,1861.5,0.0,0.0,0.25516176223289055,0.0012402361427684173,0.0,0.17514879068000505,0.0,0.047155727483210674,0.9528442725167894,1
BPIC15_4,622,2932.7187759021076,2932.7187759021076,0.0,185.3118971061093,310319.41978138266,3373.6336071420696,228.0048231511254,618,0.0,9,342.6666666666667,342.77777777777777,81.20251881541797,31.18238541927295,3084.0,0.5906633232637221,0.5906633232637221,1.0,1.0,0.0,0.5916592798953189,0.7442922374429224,0.6416624036619591,0.35833759633804085,5
BPIC15_5,637,2552.882831850689,2552.882831850689,0.0,4.029827315541601,144841.53609248038,2853.6160277564727,51.55886970172684,635,0.0,8,438.0,438.0,54.46885084675282,35.87548942312206,3504.0,0.4050082012374371,0.4050082012374371,0.222361002181382,0.002683898425412775,0.0,0.844877801696847,0.9999999999999998,0.3486209409351813,0.6513790590648187,3
